{
    "dc_per_class_pp_all": {
        "1": 0.931789086017642,
        "2": 0.8903326170726524,
        "3": 0.9124142258857001
    },
    "dc_per_class_pp_per_class": {
        "1": 0.9320531507185642,
        "2": 0.8900595674351388,
        "3": 0.9124142258857001
    },
    "dc_per_class_raw": {
        "1": 0.931789086017642,
        "2": 0.8903326170726524,
        "3": 0.9124142258857001
    },
    "for_which_classes": [
        1
    ],
    "min_valid_object_sizes": "None",
    "num_samples": 28,
    "validation_final": "validation_raw_postprocessed",
    "validation_raw": "validation_raw"
}