{
    "dc_per_class_pp_all": {
        "1": 0.9438692802056822,
        "2": 0.8872492299406822,
        "3": 0.923970234647625
    },
    "dc_per_class_pp_per_class": {
        "1": 0.9438370227120049,
        "2": 0.8866466987077507,
        "3": 0.9238492312521059
    },
    "dc_per_class_raw": {
        "1": 0.9438692802056822,
        "2": 0.8872492299406822,
        "3": 0.923970234647625
    },
    "for_which_classes": [],
    "min_valid_object_sizes": "None",
    "num_samples": 28,
    "validation_final": "validation_raw_postprocessed",
    "validation_raw": "validation_raw"
}