{
    "dc_per_class_pp_all": {
        "1": 0.9361477756343161,
        "2": 0.8730718830809645,
        "3": 0.9247006349619484
    },
    "dc_per_class_pp_per_class": {
        "1": 0.936151924689627,
        "2": 0.8730017126251807,
        "3": 0.9246616272945614
    },
    "dc_per_class_raw": {
        "1": 0.9361477756343161,
        "2": 0.8730718830809645,
        "3": 0.9247006349619484
    },
    "for_which_classes": [
        1
    ],
    "min_valid_object_sizes": "None",
    "num_samples": 28,
    "validation_final": "validation_raw_postprocessed",
    "validation_raw": "validation_raw"
}