{
    "dc_per_class_pp_all": {
        "1": 0.9379255661254676,
        "2": 0.876119802600441,
        "3": 0.9424339784452352
    },
    "dc_per_class_pp_per_class": {
        "1": 0.9379255661254676,
        "2": 0.8760880385348914,
        "3": 0.9424339784452352
    },
    "dc_per_class_raw": {
        "1": 0.9379255661254676,
        "2": 0.876119802600441,
        "3": 0.9424339784452352
    },
    "for_which_classes": [],
    "min_valid_object_sizes": "None",
    "num_samples": 27,
    "validation_final": "validation_raw_postprocessed",
    "validation_raw": "validation_raw"
}