{
    "dc_per_class_pp_all": {
        "1": 0.939623520817286,
        "2": 0.8726389007660287,
        "3": 0.9321697299339872
    },
    "dc_per_class_pp_per_class": {
        "1": 0.9396289380147542,
        "2": 0.8712638058645484,
        "3": 0.9321878436333427
    },
    "dc_per_class_raw": {
        "1": 0.939623520817286,
        "2": 0.8726389007660287,
        "3": 0.9321697299339872
    },
    "for_which_classes": [
        1,
        3
    ],
    "min_valid_object_sizes": "None",
    "num_samples": 27,
    "validation_final": "validation_raw_postprocessed",
    "validation_raw": "validation_raw"
}