{
    "dc_per_class_pp_all": {
        "1": 0.9371026468504126,
        "2": 0.8776008447303079,
        "3": 0.9335409746889084
    },
    "dc_per_class_pp_per_class": {
        "1": 0.9369243754408414,
        "2": 0.877094814120924,
        "3": 0.9335409746889084
    },
    "dc_per_class_raw": {
        "1": 0.9371026468504126,
        "2": 0.8776008447303079,
        "3": 0.9335409746889084
    },
    "for_which_classes": [],
    "min_valid_object_sizes": "None",
    "num_samples": 28,
    "validation_final": "validation_raw_postprocessed",
    "validation_raw": "validation_raw"
}