{
    "dc_per_class_pp_all": {
        "1": 0.9337111933976214,
        "2": 0.8807132633879997,
        "3": 0.9277204912363755
    },
    "dc_per_class_pp_per_class": {
        "1": 0.9337136045265354,
        "2": 0.8803053402015827,
        "3": 0.9276182840215063
    },
    "dc_per_class_raw": {
        "1": 0.9337099674113232,
        "2": 0.8807071401488029,
        "3": 0.9277203128679183
    },
    "for_which_classes": [
        [
            1,
            2,
            3
        ],
        1
    ],
    "min_valid_object_sizes": "None",
    "num_samples": 139,
    "validation_final": "cv_niftis_postprocessed",
    "validation_raw": "cv_niftis_raw"
}