{
    "dc_per_class_pp_all": {
        "1": 0.9324457073114892,
        "2": 0.8717009314575369,
        "3": 0.9147174764579151
    },
    "dc_per_class_pp_per_class": {
        "1": 0.9324675806395764,
        "2": 0.871643038853389,
        "3": 0.914666296688263
    },
    "dc_per_class_raw": {
        "1": 0.9324457073114892,
        "2": 0.8717009314575369,
        "3": 0.9147304253711337
    },
    "for_which_classes": [
        1
    ],
    "min_valid_object_sizes": "None",
    "num_samples": 28,
    "validation_final": "validation_raw_postprocessed",
    "validation_raw": "validation_raw"
}