{
    "dc_per_class_pp_all": {
        "1": 0.9367755654184026,
        "2": 0.8771210533973262,
        "3": 0.9174889224661267
    },
    "dc_per_class_pp_per_class": {
        "1": 0.9367503904616442,
        "2": 0.8765765737950283,
        "3": 0.917406223133354
    },
    "dc_per_class_raw": {
        "1": 0.9367755654184026,
        "2": 0.8771153492297318,
        "3": 0.9174826642401007
    },
    "for_which_classes": [
        [
            1,
            2,
            3
        ]
    ],
    "min_valid_object_sizes": "None",
    "num_samples": 139,
    "validation_final": "cv_niftis_postprocessed",
    "validation_raw": "cv_niftis_raw"
}